{"accuracy": [0.49923890829086304, 0.8164876699447632, 0.8916565775871277, 0.9241482615470886, 0.9447329044342041, 0.9559570550918579, 0.9634397625923157, 0.9697844982147217, 0.9746639132499695, 0.9770823121070862], "loss": [1.7278251647949219, 0.5922770500183105, 0.343127965927124, 0.2383272349834442, 0.17137399315834045, 0.1367613524198532, 0.11209786683320999, 0.09559732675552368, 0.0808139517903328, 0.07262483239173889], "val_accuracy": [0.7982016801834106, 0.871955394744873, 0.9209538102149963, 0.9391076564788818, 0.9385386109352112, 0.936546802520752, 0.9344980716705322, 0.9505463242530823, 0.9578875303268433, 0.9458798170089722], "val_loss": [0.6518386006355286, 0.41646429896354675, 0.2535988688468933, 0.1955588459968567, 0.1928371787071228, 0.21159517765045166, 0.2187919020652771, 0.18782226741313934, 0.15135104954242706, 0.19492201507091522]}